channel_name,sessions,orders,revenue,conversion_rate,revenue_per_session,repeat_sessions,repeat_sessions_rate,refund_rate,session_share,revenue_share
Direct,83328,6118,371433.0427,0.073420699,4.457481791,52329,0.627988191,0.051977771,0.176217192,0.191607512
Paid Social,10685,343,22259.33078,0.032101076,2.083231706,0,0,0.064139942,0.022596015,0.011482702
Paid Search,378858,25852,1544817.443,0.068236648,4.07756321,26224,0.069218546,0.053496828,0.801186793,0.796909786
